{"name":"4cc3bd8c-6d36-4e06-ba86-95ac9fd40545","id":"/providers/Microsoft.Flow/flows/4cc3bd8c-6d36-4e06-ba86-95ac9fd40545","type":"Microsoft.Flow/flows","properties":{"apiId":"/providers/Microsoft.PowerApps/apis/shared_logicflows","displayName":"EmployeeImage","definition":{"metadata":{"workflowEntityId":null,"processAdvisorMetadata":null,"flowChargedByPaygo":null,"flowclientsuspensionreason":"None","flowclientsuspensiontime":null,"flowclientsuspensionreasondetails":null,"creator":{"id":"abc61ece-d4db-455c-9ac8-d906bfc7247f","type":"User","tenantId":"fc33311e-abaa-4ce4-ac16-45ded5ead224"},"provisioningMethod":"FromDefinition","failureAlertSubscription":true,"clientLastModifiedTime":"2025-03-30T18:22:49.5984634Z","connectionKeySavedTimeKey":"2025-07-01T03:09:01.1423235Z","creationSource":"PowerAppsMaker","modifiedSources":"PowerAppsMaker;PowerappsPpux","clientCreatedTime":"2025-06-14T08:07:11.4268568Z","migrationSourceId":"/subscriptions/bc980509-9f7d-48fb-8dab-83cdfe7e0215/resourceGroups/fc33311eabaa4ce4ac1645ded5ead224-defaultfc33311eabaa4ce4ac1645ded5ead224-env/providers/Microsoft.Logic/workflows/4cc3bd8c-6d36-4e06-ba86-95ac9fd40545-azshadow"},"$schema":"https://schema.management.azure.com/providers/Microsoft.Logic/schemas/2016-06-01/workflowdefinition.json#","contentVersion":"1.0.0.0","parameters":{"$connections":{"defaultValue":{},"type":"Object"},"$authentication":{"defaultValue":{},"type":"SecureObject"}},"triggers":{"manual":{"metadata":{"operationMetadataId":"83794a05-3255-4feb-b27e-70e6bd67f55d"},"type":"Request","kind":"PowerAppV2","inputs":{"schema":{"type":"object","properties":{"number":{"title":"EmployeeID","type":"number","x-ms-dynamically-added":true,"description":"EmployeeID to be updated","x-ms-content-hint":"NUMBER"},"text":{"title":"ImageData","type":"string","x-ms-dynamically-added":true,"description":"Binary of Image","x-ms-content-hint":"TEXT"}},"required":["number","text"]}}}},"actions":{"Get_row_(V2)":{"runAfter":{"Execute_a_SQL_query_(V2)":["Succeeded"]},"metadata":{"operationMetadataId":"aa88f3cb-3ed4-4e65-aeac-66ac2678fa8a"},"type":"OpenApiConnection","inputs":{"host":{"apiId":"/providers/Microsoft.PowerApps/apis/shared_sql","connectionName":"shared_sql_1","operationId":"GetItem_V2"},"parameters":{"server":"default","database":"default","table":"[dbo].[Employees]","id":"@triggerBody()['number']"},"authentication":{"value":"@json(decodeBase64(triggerOutputs().headers['X-MS-APIM-Tokens']))['$ConnectionKey']","type":"Raw"}}},"Respond_to_a_Power_App_or_flow":{"runAfter":{"Get_row_(V2)":["Succeeded"]},"metadata":{"operationMetadataId":"9f258fbd-7d08-48a5-a047-eacedafe330e"},"type":"Response","kind":"PowerApp","inputs":{"statusCode":200,"body":{"recordupdated":"@{outputs('Get_row_(V2)')?['body/EmployeeID']}"},"schema":{"type":"object","properties":{"recordupdated":{"title":"RecordUpdated","x-ms-dynamically-added":true,"type":"number"}}}}},"Execute_a_SQL_query_(V2)":{"runAfter":{},"metadata":{"operationMetadataId":"c92f96a6-4768-4258-a5de-19209488e6d0"},"type":"OpenApiConnection","inputs":{"host":{"apiId":"/providers/Microsoft.PowerApps/apis/shared_sql","connectionName":"shared_sql_1","operationId":"ExecutePassThroughNativeQuery_V2"},"parameters":{"server":"default","database":"default","query/query":"Update Employees\nSet EmployeeImage  =Convert(varBinary(Max),@{triggerBody()['text']},1)\nWHERE EmployeeID =@{triggerBody()['number']}"},"authentication":{"value":"@json(decodeBase64(triggerOutputs().headers['X-MS-APIM-Tokens']))['$ConnectionKey']","type":"Raw"}}}}},"connectionReferences":{"shared_sql_1":{"connectionName":"shared-sql-493c6155-4529-4a9f-bcdd-7ce5978aa5e8","source":"Invoker","id":"/providers/Microsoft.PowerApps/apis/shared_sql","tier":"NotSpecified","apiName":"sql","isProcessSimpleApiReferenceConversionAlreadyDone":false}},"flowFailureAlertSubscribed":false,"isManaged":false}}