{"schemaVersion":"1.0","appDefinitionTemplate":{"id":"/providers/Microsoft.PowerApps/apps/","type":"Microsoft.PowerApps/apps","tags":{"primaryDeviceWidth":"1366","primaryDeviceHeight":"768","supportsPortrait":"true","supportsLandscape":"true","primaryFormFactor":"Tablet","showStatusBar":"false","publisherVersion":"3.25064.3","minimumRequiredApiVersion":"2.2.0","hasComponent":"true","hasUnlockedComponent":"true","isUnifiedRootApp":"false","sienaVersion":"20250714T225658Z-3.25064.3.0"},"properties":{"appVersion":"2025-07-14T22:56:58Z","lifeCycleId":"Published","createdByClientVersion":{"major":3,"minor":25064,"build":3,"revision":0,"majorRevision":0,"minorRevision":0},"minClientVersion":{"major":3,"minor":25064,"build":3,"revision":0,"majorRevision":0,"minorRevision":0},"backgroundColor":"RGBA(0,176,240,1)","backgroundImageUri":"/4489264223478021537/N017b572a-b737-4406-84ed-c653d9b2b2f9-logoSmallFile","displayName":"Northwind Developer","description":"Public Preview verion","commitMessage":"","appUris":{"documentUri":{"value":"/4489264223478021537/Nf08f8ae5-335f-441c-8416-1c131fdfb34b-document.msapp"},"imageUris":[],"additionalUris":[{"isSolutionAware":false,"value":"/4489264223478021537/N43ad84fc-0708-4d0c-9d3d-08fc9f336af5-identity.json"}]},"createdTime":"0001-01-01T00:00:00Z","lastModifiedTime":"0001-01-01T00:00:00Z","sharedGroupsCount":0,"sharedUsersCount":0,"connectionReferences":{"5892e9b7-d1c4-4cd0-80aa-719152548c20":{"id":"74d3b255-382d-4e8c-bec8-f1d89e8bd11c","displayName":"SQL Server","runtimePolicyName":"67ab84c5-45dc-4d26-a284-7fe7b27d632d","executionRestrictions":{"version":2,"modifiedOn":"2025-07-14 22:56:55","appVer":"3.25064.3","apiId":"/providers/microsoft.powerapps/apis/shared_sql","policy":"{\"tabularActions\":{},\"serviceActions\":[\"dbo.selectwelcome\",\"dbo.crudcompany\",\"dbo.crudemployee\",\"dbo.crudorder\",\"dbo.crudorderdetail\",\"dbo.crudpurchaseorder\",\"dbo.crudpurchaseorderdetail\",\"dbo.selectemployeeforapprove\",\"dbo.selectemployeeforsubmit\",\"dbo.selectemployeesforlist\",\"dbo.crudproduct\",\"dbo.podetails_allpos\",\"dbo.productlist\",\"dbo.purchaseorderlist\",\"dbo.employeeorders\",\"dbo.companycontacts\",\"dbo.productcategorylist\",\"dbo.crudstocktake\",\"dbo.crudmru\",\"dbo.crudsystemsettings\",\"dbo.crudusersettings\",\"dbo.sseerrorlist\",\"dbo.statuses\",\"dbo.companiesfieldname\",\"dbo.companytypeslist\",\"dbo.stateslist\",\"dbo.taxstatuslist\",\"dbo.titlelist\",\"dbo.productavailable\",\"dbo.updateorderstatus\",\"dbo.invoiceorders\",\"dbo.updatepostatus\",\"dbo.selectorderlist\",\"dbo.purchaseordersbyproduct\",\"dbo.productordersbyproduct\",\"dbo.productvendorsbyproduct\",\"dbo.productreorderquantity\",\"dbo.productsnotinpo\",\"dbo.audittriggers\"]}"},"iconUri":"https://conn-afd-prod-endpoint-bmc9bqahasf3grgk.b01.azurefd.net/releases/v1.0.1746/1.0.1746.4174/sql/icon.png","dataSources":["InvoiceOrders","NWPATriggersOnOff","NWPATriggers","ProductDetails","ProductsNotInPO","InventoryActions","ProductAvailableODStatus","SubmitterApprover","EmployeeList","Statuses","PODetailsAllPOs","ProductList","PurchaseOrderList","EmployeeOrders","CompanyContacts","CompanyTypes","ProductCategories","SSErrorList","StatesList","Titles","TaxStatus","CRUDCompanies","CRUDOrders","CRUDPurchaseOrderDetails","CRUDOrderDetails","SelectOrderList","CRUDSettings","CRUDMRU","CRUDPurchaseOrders","CRUDStockTakes","UpdateOrderStatus","CompaniesFieldNames","CRUDEmployees","Welcome","CRUDProducts","UpdatePOStatus"],"dependencies":[],"dependents":["0d3916ae-7785-4a70-ab95-01c742518671"],"parameterHints":{},"parameterHintsV2":{},"isOnPremiseConnection":false,"sharedConnectionId":"20e54022-df05-4ea8-b7d1-09efcb293293","bypassConsent":false,"dataSets":{"s31.winhost.com,DB_48163_nwpa":{"dataSources":{"InvoiceOrders":{},"NWPATriggersOnOff":{},"NWPATriggers":{"tableName":"[dbo].[NWPATriggers]"},"ProductDetails":{},"ProductsNotInPO":{},"InventoryActions":{},"ProductAvailableODStatus":{},"SubmitterApprover":{},"EmployeeList":{},"Statuses":{},"PODetailsAllPOs":{},"ProductList":{},"PurchaseOrderList":{},"EmployeeOrders":{},"CompanyContacts":{},"CompanyTypes":{},"ProductCategories":{},"SSErrorList":{},"StatesList":{},"Titles":{},"TaxStatus":{},"CRUDCompanies":{},"CRUDOrders":{},"CRUDPurchaseOrderDetails":{},"CRUDOrderDetails":{},"SelectOrderList":{},"CRUDSettings":{},"CRUDMRU":{},"CRUDPurchaseOrders":{},"CRUDStockTakes":{},"UpdateOrderStatus":{},"CompaniesFieldNames":{},"CRUDEmployees":{},"Welcome":{},"CRUDProducts":{},"UpdatePOStatus":{}}}},"apiTier":"Premium","isCustomApiConnection":false,"authenticationType":"sqlAuthentication","actions":["ExecuteProcedure_V2"],"endpoints":["s31.winhost.com,DB_48163_nwpa"]},"0d3916ae-7785-4a70-ab95-01c742518671":{"id":"2b2addf0-0fc1-4f6b-b809-bd1f6c4aa8fe","displayName":"Logic flows","iconUri":"https://conn-afd-prod-endpoint-bmc9bqahasf3grgk.b01.azurefd.net/v1.0.1752/1.0.1752.4216/logicflows/icon.png","dataSources":["EmployeeImage"],"dependencies":["5892e9b7-d1c4-4cd0-80aa-719152548c20"],"dependents":[],"parameterHints":{"workflowName":{"value":"fffea32e-398e-4e55-9e65-22b4246d0ec6"},"workflowEntityId":{},"workflowDisplayName":{"value":"EmployeeImage"},"5892e9b7-d1c4-4cd0-80aa-719152548c20":{"value":"shared_sql_1"}},"parameterHintsV2":{"workflowName":{"value":"fffea32e-398e-4e55-9e65-22b4246d0ec6"},"workflowEntityId":{},"workflowDisplayName":{"value":"EmployeeImage"},"shared_sql_1":{"value":"5892e9b7-d1c4-4cd0-80aa-719152548c20"}},"isOnPremiseConnection":false,"bypassConsent":false,"dataSets":{},"apiTier":"Standard","isCustomApiConnection":false,"nestedActions":[{"id":"/providers/Microsoft.PowerApps/apis/shared_sql/apiOperations/GetItem_V2","flowConnectionRef":"shared_sql_1","apiName":"SQL Server","actionName":"GetItem_V2","referencedResources":[]},{"id":"/providers/Microsoft.PowerApps/apis/shared_sql/apiOperations/ExecutePassThroughNativeQuery_V2","flowConnectionRef":"shared_sql_1","apiName":"SQL Server","actionName":"ExecutePassThroughNativeQuery_V2","referencedResources":[]}]}},"databaseReferences":{},"almMode":"Environment","performanceOptimizationEnabled":true,"canConsumeAppPass":true,"enableModernRuntimeMode":false,"executionRestrictions":{"isTeamsOnly":false,"dataLossPreventionEvaluationResult":{"status":"Compliant","lastEvaluationDate":"2025-07-14T23:05:43.5449796Z","violations":[],"violationsByPolicy":[],"violationErrorMessage":"The app uses the following connectors: shared_sql, shared_logicflows."},"httpActionRestriction":{"appUsesSharepointHttpAction":false,"enforcementStrategy":"Legacy","evaluationTime":"2025-07-14T23:05:43.5448443Z"}}},"isAppComponentLibrary":false,"appType":"ClassicCanvasApp","appComponents":[]}}