{"__Version":"0.1","App":"9939978f-3d45-4a19-96c9-a50db5622f41","Test_7F478737223C4B69":"330df5fa-ec46-465c-9268-306e86f30e00","Host":"bcd9c3a7-e424-4e5d-92e0-ba5e6bfc299b","compNWDevMenu":"cabfd299-d5f6-4af6-900f-990a0a420315","recMenuFill":"7c624ab4-d559-4e00-8b99-0e5eb2fa54ab","glryMenuItems":"2bab88ac-c6a3-44e3-affe-2f4b6d78ef10","galleryTemplate2":"871d8351-b780-4940-ac69-1b004675da7b","lblMenuOption":"b454c047-5be8-4d86-9f68-fb714f1b0c98","icoMenuOption":"ea68f889-9416-4fc9-b25f-e7374400b1de","compAppTitle":"39c7ce21-dcf7-4590-9ef0-72efa89a643c","recTitleFill":"ab0f732c-42ac-49af-8f3b-f8a3407e75c5","imgAppIcon":"c681f798-3310-49cd-b6c8-02360ba34bc8","glryAppTitles":"654d8ead-644a-460e-a76f-272ca6036e81","galleryTemplate2_1":"d41eeb0e-8d9f-4768-9851-d697872aa771","lblAppTitle":"bccd48a1-10cd-47a7-9c85-732bace00a12","icoBack":"40338370-29c5-4908-b3d6-eb2fc6262c5c","icoOrderQuitApp":"9c940e36-0733-4ea9-92b8-45024a4ab437","compAppTitleBackup":"59a3f654-b2b4-44be-aefd-747a41fd0ed0","recTitleFillMaster":"f6d8949b-3ff5-400d-83e2-6769995abc82","imgAppIconMaster":"407c484f-2f92-439e-b17a-6b8f5d78f49b","glryAppTitlesMaster":"a6ab113f-2319-414b-88ea-c59748054a7f","41d4c0f8-8460-424c-b09b-31b43db4cd54":"c4b6f49c-519a-4336-8f11-c6e795d198b2","lblAppTitleMaster":"b7a6fc06-6049-4d0e-be1c-5ef645747a9e","icoBackMaster":"ab5ae0e5-b2cf-416f-9a06-397ac8055377","icoOrderQuitAppMaster":"e86a8312-774f-4346-84fa-e2d0997c5210","scrWelcome":"47cf49f9-54e8-4cb5-a7e2-2a9a4d572004","compAppTitleWelcome":"e9ed344b-3e7b-4dc2-a5db-a42e92587c81","compNWDevMenuWelcome":"d042680d-13c4-4361-8c81-4e2934971214","icoNWDev":"1e5564a0-dfbf-4a4c-96fa-c5befbac0268","glryWelcome":"44a79511-e216-49f6-8722-f65555b068f8","galleryTemplate1":"dd202fef-f7de-4317-85b2-65673129224b","WelcomeText":"87f379ef-3cd1-4dda-9ea1-8b06734141f0","LearnVideoImage":"f2a58270-c5c9-42e8-bbcb-b567e156bee5","LearnLink":"0a460b91-9a61-4207-b41f-c854ce9768c9","btnLaunchLearn":"22afdc74-a2d1-4605-9403-c9424ef8e4b7","lblLogin":"11f4cca0-6fa6-4ac0-b2e2-e2c05a56194c","lblPleaseWatch":"cca046ca-0d36-4d16-ad30-6afa1832de3f","lblBebugWelcome":"f7dfe12e-9b97-4d08-bdf1-336555904fd3","scrOrderList":"20022ff0-fe4d-45ff-89ca-c14cc0409df0","compAppTitleOrderList":"dc763306-3bf2-4849-ac2d-29ec60e54fdc","lblFUAddEditOrderAdd_hdn":"420a36ab-ce55-4cc6-a4b5-188ae5fa033e","conMenuOrderList":"4c30565d-74a6-4373-9175-d00fafd33c8c","compNWDevMenuOrders":"141843a6-5104-4ac3-989e-7886a194c244","filterOrderStatus":"509de241-eda5-47f2-9429-5bebf3eb80a8","btnOrderAddNew":"b956b421-3b8e-4613-a0cf-add4bae556be","lblOrderDisplayed":"d5202fea-63ae-4180-b165-67d7346518fe","btnOrdersShowFilter":"9e32344d-7e17-49b9-8f03-787eae7782f7","conOrderList":"b3030df7-4c44-4bc1-b5a4-9138a86aa411","conOrderCaptionList":"0a01d77e-4ead-4716-8070-cae42acfd7b0","lblOrderLineItemsOrderIDList":"cc66e230-be8d-466b-b73d-863e9e782ca7","lblOrderLineItemsEmployeeList":"203e5243-f1a8-414a-9d91-5c0ff7000d98","lblOrderLineItemsCustomerList":"971538d6-df46-4a7d-95dc-9d692baab0e2","lblOrderLineItemsOrderDateList":"2ec641ff-7389-4b7b-b2af-f6eb3c5aecf8","lblOrderLineItemsShippedDateList":"5bd8f046-9bb0-4445-bb80-15714d28f838","lblOrderLineItemsOrderTotalList":"6a78cf99-2041-4cab-b21c-1336b6226296","lblOrderLineItemsPaidDateList":"13cd19db-ee64-4b15-8ab2-9cbf3a955b64","lblOrderLineItemsOrderStatusList":"ab7576e6-722e-4075-8804-2b5a55118a9d","lblOrderLineItemsOrderDetailStatusList":"41fd203f-0df6-4fc3-8d22-a8de7c674663","glryOrderList":"74d701b3-c3e4-4974-8f49-eed8068fc29e","galleryTemplate3":"989c3546-7746-4ae9-bdd7-c100a4ed1ffe","lblOrderRowNumberhdnList":"e93912d7-3a1c-4fbc-902a-84b213b5000b","lblOrderOrderIDList":"e9824264-5e48-40a9-96e7-b8b9371e82fb","lblOrderTakenByFullNameList":"e7bcb15e-08b8-4ac7-9d67-9c439c2ca073","lblOrderCustomerList":"a942bbe2-20ee-457f-9e44-59e09759e5e7","lblOrderDateList":"e8961b3a-3524-43ca-ac8a-0a18a86ebbe2","lblOrderShippedDateList":"b323d1be-2558-4acc-98c9-2784fc1f2fed","lblOrderTotalList":"5d6cfc75-9eff-4abf-84dd-f11b786bc96c","lblOrderPaidDateList":"2d6bea6b-a0b3-4698-b4db-75e37e660930","lblOrderStatusList":"94f57846-6048-4ecb-94c0-262f2593e45b","lblOrderDetailStatusList":"2ff16948-50ab-4759-8737-331811606b40","scrNWDevInvoice":"7e15e438-8dc6-4920-96c9-27d99fa0c37a","compAppTitleInvoice":"144b59f2-f954-4d82-9ca0-0e9e0f6c11ba","conPrintInvoice":"4318edf5-b9cf-4250-998d-c6deae846199","btnPrintInvoice":"e1f4d209-83cd-491c-a37e-6287b3caf778","Label2":"535d0b52-63cb-477a-9102-3e1ecd9e89bc","lblInvoiceDateInvoice":"b5bd81f0-96d8-4960-87d8-bd5e1ba9d20c","imgNWDevInvoice":"f35966d3-d2ca-4bac-b63e-43d9794a815d","lblNWInvoiceAddressInvoice":"8538a2f2-769c-4113-9b1c-55f1b69d21da","lblInvoiceInvoiceNoInvoice":"c00a930c-3973-4aa5-8a84-446569c06143","lblInvoiceSalesPerson":"b29360be-8900-404f-a729-f81e52b832f3","glryCustomerShipToInvoice":"860cd439-ae2d-4c90-a8ae-d4814950b93c","galleryTemplate5_6":"46f13c69-fd9c-496f-90f0-ec6edc169f60","CustomerShipToInvoice":"aeb913c6-efe2-432b-89fd-a46a13060b74","glryCustomerBillToInvoice":"57408347-975f-4f8e-9d50-9de3d2e823a2","galleryTemplate5_7":"d4199322-420d-4170-a232-439eeb500228","CustomerBillToInvoice":"c7b7bc3c-7483-4641-b33e-59231c10c56c","dtLineItemsInvoice":"95847df8-302a-4479-802e-97620d60d4c2","ProductCodeHeaderInvoice":"2b318120-6ba2-439e-b172-db7c0d977e2c","ProductNameHeaderInvoice":"8fadbe91-4068-4bbb-a48d-202e2d8ec98f","QuantityHeaderInvoice":"927ef427-c494-4ba0-919b-fc9e6c920285","UnitPriceHeaderInvoice":"09e9d3d2-589e-4dbf-85d8-7804129e0086","DiscountHeaderInvoice":"91c8fefd-3c6c-4b0a-b577-fdbe60bc68ef","ExtendedPriceHeaderInvoice":"925c22fd-019a-4c03-a1fa-26ecc098b0e9","glryLineItemsInvoice":"dd397f5b-0fa6-4e49-9254-9f4dda5f02c4","galleryTemplate5":"dbea5339-4d40-4132-bfe4-25050ed32528","lblProductCodeInvoice":"455a68b9-8955-4479-9c98-2cc2c1af1375","lblProductNameInvoice":"56a19fbf-c715-4247-9e16-a1c6c25738bb","lblQuantityInvoice":"bbdf587a-04fd-4b28-8cb6-5ffba4193fe9","lblUnitPriceInvoice":"8783f1b3-7b52-444f-86bc-92aee69c7081","lblDiscountInvoice":"5cc6dfd0-49d3-41ab-817f-ab107f3091a4","lblExtendedPriceInvoice":"70f9a038-be87-4490-9ef2-236ab40a01b0","glryOrderTotalsInvoice":"7924b498-9651-4ff4-a4d2-06160054402b","galleryTemplate7":"74b69ae7-46e5-4178-b779-bb8a5ee8707c","lblSubtotalInvoice":"6f06ba46-dda2-4ccb-b9da-b160c203737b","inpSubtotalInvoice":"617922ca-156a-47ce-9626-0ad616a49828","LlblTaxInvoice":"4bf54bdf-e747-429c-840e-3173ad80d315","inpTaxAmountInvoice":"9f2f6740-742f-4c58-8f01-1e654f5ba94f","LblShippingInvoice":"9cef9d2e-d7d2-4b6d-b5e9-1ffdbf352b9b","inpShippingInvoice":"83a18f93-3a02-4006-bf11-17572c327498","lblTotalInvoice":"063aa353-ab01-4a70-afcb-2898cf2d4d5e","inpTotalInvoice":"1fb64a17-d239-4eb8-a4a8-7954fbfb163c","scrAppCode":"f57a1822-a16e-4a5c-abb5-06f3f031a0db","compAppTitleAppCode":"bf6ec696-ed96-48ee-b8f2-245c62cf3208","compNWDevMenuAppCode":"09093552-ecf8-45a8-bbb4-d74f2c26d6e9","lblDebugger":"14d1acce-3fa5-4c2d-a1f5-c60ba6b40988","tglAvailableProduct":"82879aa5-c6b9-4baa-948b-455966877d17","tglUpdateOrderStatus":"a44f6989-170b-40f3-b892-8b0716d544b0","lblTestCode":"e0d495a6-f29b-4065-9106-d903cd3082ab","tglCRUDOrders":"9ba3507f-66dd-440e-8dd9-8141912d22d3","tglUpdatePOStatus":"3a5cd02f-2462-422d-9651-7796ccf12479","tglCRUDOrderDetails":"8eb18c3e-0707-4cae-9fed-917ac32a5325","tglCRUDOrderList":"46d3acf9-f444-4b24-8a08-a981ec330a47","tglCRUDPO":"79d5e25c-e2e1-42a3-8c70-a661542b46dc","tglCRUDPOByProduct":"8faec759-8685-4ec0-95cf-65e26f0b2b71","tglCRUDPODetails":"09bdc9d8-4bfd-4482-837f-b806ec4855ba","tglCRUDCompanies":"35ec6a03-1562-45f8-b585-406cdb6dd1fb","glryPOStatuses":"9bcfb5de-ef0a-4459-bdde-e723dbd27dcd","Rectangle1":"0e790760-ec17-4dfc-9e73-b2decc28cd6e","galleryTemplate6":"6452c26c-acc6-4024-8ef3-61f1fdac33bf","lblPOStatusID":"279659eb-a3c8-414b-b3c1-e61a544ddac1","lblPOStatusName":"68cdcff7-e3ff-4007-8b05-eaf471e8f58c","lblPOStatusSortOrder":"88ab7c61-5e77-4c8b-add2-81aa09cb0fc5","glryOrderStatuses":"cdb6c32f-02aa-443f-9346-db77b4b9e876","galleryTemplate6_1":"c0129826-f4fa-49b0-8f2b-8ab8789a3401","Rectangle1_1":"262dd035-cb1a-44ed-ad6e-d2be3911b4e6","lblOrderStatusID":"6523daec-aed2-4db0-94d4-2b43c0fc749d","lblOrderStatusName":"6d9e8d43-8bf2-4289-bd8a-0f41b0c59f83","lblOrderStatusSortOrder":"3c89223b-0fed-45f8-8f89-a5fdc2cfee88","tglCRUDEmployees":"e0eb1e0f-3932-4236-9378-7b0b25956194","tglCRUDProducts":"c7b41a47-1644-43d1-9e1e-79e33d7f0b62","tglProductReorderQuantity":"1bfc1190-7564-4304-a4b2-81d56b9c36b9","tglStockTakes":"c0a15641-eb2d-454f-a710-db42943943e1","glryTest":"78319a62-8b37-45c7-a42a-f1a02e1207d9","galleryTemplate16":"fe0d2e91-b62c-4e00-9916-c8a26f8f053b","one":"0874dbc4-8388-4870-a182-ad3c6e6edd1c","Rectangle2":"8bc610c1-3804-48cf-9330-22c8def71f8f","two":"7829f010-e47e-44a1-b3c7-dc54abf0b556","Separator2":"8a770cb9-edc8-4cf6-947d-c7efdbc588c3","glryErrorCodes":"4b0334aa-df97-4eaa-bdfc-981c5db018a9","galleryTemplate15":"c5bcaeb2-071d-4057-aa17-58461ba6f182","lblSSErrorID":"065ae65b-6daa-466e-92c0-25bff45e7dc8","lblSSError":"8062398d-8bad-479a-82c7-4ffa9634e9f1","tglCRUDMRU":"a8c41b86-d7a7-4a25-8c56-361bdf813324","tglCRUDSystemSettings":"026bf4b8-6944-4618-8ca2-71319d11a40a","tglCRUDUserSettings":"e1f987a8-0543-48a2-be20-aeeffc87d8c0","tglCRUDProductVendors":"b247ddf3-0efa-4eda-a830-41a67ce6f504","scrOrderAdd":"63544f95-92f9-4df5-9083-c3841a931308","compAppTitleOrdersAdd":"eed7dec4-0e84-4f60-88b1-13879dedc326","lblFUProductAvailableAddEdit_hdn":"1a92cb64-d4f4-4d39-b738-d249e7dc8266","lblFUOrderAddEdit_hdn":"be3a2d27-0fc2-44dd-add4-db10668573d7","lblFUOrderDetailAddEdit_hdn":"8b6ccc2b-87e8-4c2b-9032-9cd0490954bd","conOrderDetailsAdd":"93fcbf5c-e16f-4c8b-a5ef-59fd32a36343","compNWDevMenuOrderAdd":"fc074cc5-1e9b-4750-8c15-957f0e459ab8","conOrderOrderHeaderAdd":"e7ebe970-d614-4431-a347-62a050e81aed","btnStep1CreateInvoiceAdd":"d81c1dfe-9ab8-4628-bd25-04754051a041","btnStep2ShipOrderAdd":"566e7e7b-df2e-4b28-96c8-0bb82bf711d7","btnStep3OrderReceivePaymentAdd":"9d428f4b-7903-496d-b8ce-38ba20bdeb0b","btnStep4CloseOrderAdd":"2350bbe8-a0f0-4eea-a610-b9ad762acf3a","lblTotalOrdersCountAdd":"40238105-8a3b-4f81-ae88-1f43b3afc23e","lblOrderIDOrdersAdd":"f3f3eff6-5d11-4cb9-a2f7-c57e23ada9c6","inpOrderIDOrdersAdd":"e82d2189-71cf-49f9-9cf4-431e32f4e66b","lblOrderStatusOrdersAdd":"8f3974e6-2fe7-4831-8a06-fe9eef29ff11","inpOrderStatusOrdersAdd":"2a65175e-bcc0-43ce-981b-e8ca100a3a56","lblPaymentMethodOrdersAdd":"174a5595-b6f7-4510-bc6b-ed175c781f6b","cboPayMethodOrdersAdd":"b186ad9b-1b55-484e-becb-04f271be6afe","btnOrdersOrderDateAdd":"a09b9eb9-e9c4-4931-801e-26c19e58d7eb","lblCustomerOrdersAdd":"d026ab28-8910-48f2-9108-6c80700e8ce3","cboCustomerOrdersAdd":"04fab4f3-6223-4f59-9343-54ed221ff15f","lblPaidDateOrdersAdd":"20f25015-cb2b-4d59-9001-7f7ed56ea4ac","inpPaidDateOrdersAdd":"b1cbda04-ff71-4e70-8576-77b2e97dae46","lblOrderDateOrdersAdd":"faeea3c9-3e53-476d-878f-558c7ff77334","inpOrderDateOrdersAdd":"cfbffeec-1516-4817-a11f-ed63f0d3f18c","lblEmployeeOrdersAdd":"2da0ff20-b9fe-4458-ae1f-2ffe90aa957f","cboemployeeOrdersAdd":"a53bad27-07ed-410b-961a-d03491e51135","lblInvoiceDateOrdersAdd":"2b9a9ab4-ea06-4c7b-9e40-79f8320138f2","lblTaxRateOrdersAdd":"43dee796-2d40-4e08-a570-96ca2bdde292","inpTaxRateOrdersAdd":"7a9e13bd-a0ca-4d9f-91e1-78eec8d791cd","inpInvoiceDateOrdersAdd":"001f7409-8551-4458-b95b-bc263ea56c39","lblNotesOrdersAdd":"737d1250-1339-4328-a02b-3a85590f9644","inpNotesOrdersAdd":"680f4b52-379f-428d-82cb-cced2e6dbf22","lblShippedDateOrdersAdd":"0d868302-59ba-4cbb-ae6b-8c8b548d7099","lblTaxStatusOrdersAdd":"095038a3-c490-474d-bab9-644805327d50","cboTaxStatusOrdersAdd":"dcdc5b7c-770d-469d-8d29-3d8ec27bb807","inpShippedDateOrdersAdd":"f95e6217-8422-41dc-b9d7-535a2aac5573","btnOrdersShipDateAdd":"ef42cd14-0d97-4470-be53-2a127a749852","lblTaxAmountOrdersAdd":"cda11111-e9e7-43f1-aa79-b5346e186e3f","inpTaxAmountOrdersAdd":"9e935fbe-a93a-4f25-818d-3eb89f51a5db","lblShipperOrdersAdd":"ac8d130f-67dc-4574-bad9-08670fd2371d","cboShippersOrdersAdd":"ecd3d274-114b-4bda-9e0c-2ea20a0cb927","lblOrderTotalAddOrderAdd":"d28fa659-65af-4254-b8a0-2fef32015562","inpOrderTotalAdd":"73f00534-503a-4ad2-bd07-c8a0c129681c","lblShippingFeeOrdersAdd":"d19b7e95-6972-45c8-89b5-5d8a702ff646","inpShippingFeeOrdersAdd":"b60d844e-eccc-45bb-ada5-c979fac009d7","LabeltestAdd":"8edc7e6e-0e37-4462-83cc-57df23ba4869","btnSaveNewOrder":"613c8580-c2a6-40db-abdd-a95c749c2326","lblOrderItemsinOrderAdd":"56a71389-af46-4d7d-8a6e-3cba0e0dd014","conAddOrderLineItemCaptionsAdd":"b8c5ecae-e762-4771-8b16-ef709434aa82","lblOrderIDAddOrderLineItemsAdd":"f87c0bb0-c89e-4933-ab54-9b2444186711","lblProductCategoryAddOrderLineItemsAdd":"bb682b64-7224-467f-9c99-53683d2cc1d3","lblProductAddOrderLineItemsAdd":"f9333c69-0763-4eb8-9f4d-5786f820a8c5","lblQuantityAddOrderLineItemsAdd":"e843d57e-fd9d-438f-a8c3-f6d8790ca01d","lblUnitPriceAddOrderLineItemsAdd":"c13f97e8-3efc-4cbe-8917-2ed23c6ee6ee","lblDiscountAddOrderLineItems":"2b3da16a-0cd2-4f66-b496-581da7c63b8f","lblPriceAddOrderLineItemsAdd":"8e81a8dc-64b4-4d0c-a6f0-425b4b8d3aef","lblStatusAddOrderLineItemsAdd":"0c38fbc2-9dd7-41dc-9cee-d26ae37c5d51","conOrderLineItemsAdd":"575b796e-2523-4ffb-adb7-8e5829f6d60e","glryEditOrderLineItemsAdd":"cb77f8e3-76b9-47b6-a2bd-2830b19963ce","galleryTemplate5_2":"8dcf6498-c694-445c-8609-74277f684b6d","inpOrderDetailIDOrderLineItemsAdd":"12399ee4-4717-4342-bea3-dcf686900fda","btnAddLineItemEditAdd":"db9be9dc-df16-424d-b2fd-851551e0fed5","cboProductCategoryOrderLineItemsAdd":"cbd97081-9c25-4fcc-b202-bc42cc3ceb91","cboProductOrderLineItemsAdd":"3b0e9a7f-56bb-4417-b0ad-c99eba9a2019","inpQuantityOrderLineItemsAdd":"6f2dad41-7bc0-4504-a202-6cf618a9caa9","inpUnitPriceOrderLineItemsAdd":"228c62ff-970f-4fdf-a448-768ebf39b412","inpDiscountOrderLineItemsAdd":"f5ac147b-b3fc-4f99-8dae-36794a796e0b","inpPriceOrderLineItemsAdd":"2dc114a0-1aa5-4fde-ad3a-79e2a7448ee2","cboLineItemStatusOrderLineItemsAdd":"e8018b3d-19e6-4ef6-a4fb-4e20d972fe03","btnAddLineItemOrderEditAdd":"b2d7509c-cd8b-4453-9663-1530305466a0","btnOrderLineItemDelete":"b0af44ae-c85f-4c64-908d-ac93671dd354","lblFUAddOrderDetailAdd_hdn":"ff828d5f-386d-40a9-aa03-f6758ab18a8d","conAddOrderLineItemMainAdd":"f62ea4e0-da8c-4931-9f93-08f27ca426c0","btnAddLineItemAdd":"055ee0b8-4672-4d6a-b047-1d357b91bc1d","inpOrderDetailIDAddOrderLineItemsAdd":"5f092b12-618b-4461-b19e-85ec27014b9c","cboProductCategoryAddOrderLineItemsAdd":"ac512a5a-ff4b-43a5-962c-61313069fae0","cboProductAddOrderLineItemsAdd":"613567de-9028-428a-ae40-eff3a94d2586","inpQuantityAddOrderLineItemsAdd":"1242e963-0800-4cff-91f4-e4e2ff18402e","inpUnitPriceAddOrderLineItemsAdd":"1b83feb9-5123-4ea3-a986-6d36ef5427bf","inpDiscountAddOrderLineItemsAdd":"935790ba-aa25-4ed9-acb9-2ca330cda753","inpPriceAddOrderLineItemsAdd":"a93f82d2-0f2f-4fab-8169-1c1c97b1d278","cboLineItemStatusAddOrderLineItemsAdd":"c2461890-b839-499e-bdd5-b4db6be59786","btnAddLineItemtoOrderLineItemsAdd":"67616886-336c-4a3d-a4ae-37e2d1fd4f75","lblFUOrderStatusAddEdit_hdn":"bf217f64-d461-4f06-a1e3-383f69219d17","scrPOAdd":"a30d42a5-799e-48fd-bf24-a14e1e1a7a9b","compAppTitlePOAdd":"f7b47865-7492-4d1b-be57-13ae0fb40893","lblFUPOAdd_hdn":"0d7c3970-5107-4e62-86a4-c0d1cecc619e","lblFUReorderQuantity":"c1e75854-d355-4991-986e-9b7d6fbea84d","compNWDevMenuPOAdd":"0cd56fe1-d330-41c5-95b9-12d9184101d1","conPODetailsAdd":"53e5a724-e7a7-4f62-ace4-6b4ed58eaf82","conPOAdd":"13eea1ac-2d1b-477d-af2f-30f7b79f4e87","btnStep1POSubmitAdd":"12e8eed6-c642-4996-983e-73bb02ee86a7","btnStep2POApproveAdd":"af381cf2-2be8-4b11-98f9-5e7341c67d08","btnStep3POReceivePaymentAdd":"aa5358c4-6b96-4f45-be80-4e8cf0f902a3","btnStep4ClosePOAdd":"1f459b46-e000-4e3e-b580-3f06500311b2","lblPOItemCountAdd":"22922797-3237-42f9-93d9-1733f2f8ed25","lblPOPOIDAdd":"bd20e019-bb79-4afa-8154-7360c8474f8d","inpPOPOIDAdd":"75a680c5-59ae-4636-bbdd-7bb9d0bb4efc","lblPOStatusAdd":"f37d7611-561a-4c67-ae7d-5671281b5ab2","inpPOStatusOrdersAdd":"8a7e4eb6-8e7b-45e7-b74b-67d43b72c374","lblPOPaymentMethodAdd":"d4f54b42-7854-42dc-b1dd-45d7d4aabdf5","cboPOPaymentMethodAdd":"e628e576-9f01-4908-812a-8594448c3835","lblPOVendorAdd":"b4d117aa-6464-4afe-85cc-42156dbd5ccb","cboPOVendorAdd":"151522ce-7f99-432f-8312-0769da279a47","lblPOShippingFeeAdd":"45dd079c-7775-43ce-bafa-3d8bff852bb5","inpPOShippingFeeAdd":"60b56467-1aae-4f03-ac64-5d0c096f44ef","lblPOSubmittedByAdd":"0007ac6c-8841-4d39-9ea3-9d10ffc8f270","inpPOSubmittedDateAdd":"b56ac3e6-3925-4035-85f9-392eadc585f9","cboPOSubmittedByAdd":"8e00982b-cf37-4cd7-a5ee-f7578e17c1df","lblPOTaxAmountAdd":"6039d066-8a07-497a-9ec7-f4622b5cd9f4","inpPOTaxAmountAdd":"e53ba817-b50d-4e82-8511-35efb49f99f1","lblPONotesAdd":"2de69585-5eb3-430f-80e1-b25cb019828d","conAddPOLineItemCaptionsAdd":"749c9379-9468-4e20-aca6-2a6ef1d89ffb","lblAddPOLineItemCaptionsPOAdd":"f308f500-2dbe-4c3c-86dc-cc67aeed5c8e","lblAddPOLineItemCaptionsProductAdd":"d1e5a4fc-0e42-444c-9a7e-9980f278fea1","lblAddPOLineItemCaptionsQuantityAdd":"767f4f7e-8320-479b-bcda-b6796b177175","lblAddPOLineItemCaptionsUnitPriceAdd":"edcf47cd-3c96-4305-a118-c1b38f7dd87c","lblAddPOLineItemCaptionsPriceAdd":"c6af9678-4bfd-4773-9723-2d66db260c8f","lblPOSubmittedDateAdd":"c55a27f5-b40e-4128-ab72-dcfe0fc0aeb8","cboPOSubmittedDateAdd":"90531705-f4f0-4f79-9a8c-7ebca4b439d3","lblPOTotalAdd":"ce4fa3ca-7879-4dde-af93-705dfee1cbc7","inpPOTotalAdd":"c63a78f5-4c85-46ed-83c6-02317fada44a","inpPONotesAdd":"87b04d38-628b-4f15-9e60-27e51c0bb255","conPOPOLineItemMainAdd":"557cd251-662d-49fb-b5aa-e95811858df5","btnPOLineItemAddAdd":"55d6faae-2700-4031-8f8f-b8b2360da9a8","inpPOLineItemPOIDAdd":"e7de4d1b-e37d-4a3e-a861-c7a544926785","cboPOLineItemProductAdd":"369ab9f0-3179-4ac6-9d93-7bb13f4b188c","inpPOLIneItemQuantityAdd":"cb58711f-69c9-4457-984c-beafa117ce76","inpPOLineItemUnitCostAdd":"e9930d54-5591-483c-bddb-771f6516d933","inpPOLineItemPriceAdd":"75fddf2c-7fb4-4953-96a8-da3a811a9ef7","btnPOLineItemSaveAdd":"af12d002-93a2-4a2d-b1a0-ab33f9507de9","tmrPOAddItemDetail_hdn":"782959d0-5a48-4fe4-b32e-7005690e06a3","tmrDisplayReorderMsg":"a97784bf-43fe-4532-b571-4ee14b6fd957","lblPOApprovedByAdd":"cb6cd766-c8ea-4a30-a333-b0595a82977b","cboPOApprovedByAdd":"1bc4306e-9279-48f7-bdbd-d7d418ee53bd","lblPOPaymentDateAdd":"cd996222-003d-4dbb-82ba-bcb6cbdb8a83","inpPOPaymentDateAdd":"7f8d7662-1916-4cae-b683-6b9a99cf314f","lblPOApprovedDateAdd":"3ce25586-286c-4acf-8e67-c26e9e5abb27","inpPOApprovedDateAdd":"34601caa-c8c4-4c8b-ab14-1b703f96c75a","LabeltestPOAdd":"a92718c2-a6a8-4df4-a32c-e14b1bdb0de1","btnPOSaveNew":"bb4ecd2a-1d92-400b-b927-d9d6af986543","lblPOItemsinPOAdd":"5af3ff5f-2163-4597-a66b-08ac5e34daf1","conPOLineItemsAdd":"af4c30f0-e1c1-4624-b1e7-0a6a2b4f11ca","conPOLineItemCaptionsAdd":"d15edb32-4704-4b22-8227-5504d3a01a0a","lblPOLineItemCaptionsPOIDAdd":"c2f6398f-7bd3-45d9-a9c1-d916b177a845","lblPOLineItemCaptionsProductAdd":"45ff5393-495b-4f4e-9d96-5e5b5d81f9e1","lblPOLineItemCaptionsQuantityAdd":"442348b0-b92d-43dc-a148-15a82ec1b34d","lblPOLineItemCaptionsUnitCostAdd":"bb4fd31b-238c-4865-8bcc-ab7979332661","lblPOLineItemCaptionsPriceAdd":"a1151be0-68fc-4bf0-8c54-4dd6954ef897","glryPOLineItemsEditAdd":"6322123d-1592-4f37-a650-a1e64b5ef6e0","galleryTemplate5_4":"dee10378-bec4-4b4f-b877-ad833687cb02","inpPOLineItemsPODetailIDEditAdd":"b82e8b7e-a759-4adb-886b-c6e8af333153","cboPOLineItemsProductEditAdd":"a1fc0ef8-6775-42a0-a8e6-c406f90ab54f","inpPOLineItemQuantityEditAdd":"f18fef82-c72c-4e0d-8b47-05702a5f5559","inpPOLineItemUnitCostEditAdd":"4a33fab0-2b21-4afa-b860-5844ef1ec3e0","inpPOLineItemPriceEditAdd":"90f1cd9c-18af-4263-af3f-4216330d22da","btnPOLineItemSaveEditAdd":"9b95148e-60cc-4d31-984f-16ed3e88178d","btnPOLineItemDelete":"bb10bf1c-389d-4403-97d9-382e08e73457","lblFUAddPODetailAdd_hdn":"e4b1ecd1-caf2-42ce-9f2e-dd73eeab5847","scrPOList":"016d8c2a-489f-45ca-be47-633101749159","lblPOsDisplayed":"2f86967a-79b9-4f35-aaa8-0adb807e947d","compAppTitlePOList":"ed259dbb-87dd-4a50-8803-cdcb35250f66","conMenuPOList":"c684abe6-a8a5-4ef5-94d2-b5fd029d246d","compNWDevMenuPOs":"67efe8f0-0c0c-4382-9000-bad9b0e60c07","conPOCaptionList":"388cf7a6-567d-4398-817e-398ae800f9f6","lblPONoCaptionList":"1fa0312b-db4e-43c3-bb77-90d49b29fc3f","lblPOStatusCaptionList":"df3c2ce5-9c4b-4eec-a632-2d1954ae47b4","lblPOVendorCaptionList":"74930393-9de6-4c18-86b2-c8bbfae34096","lblPOTotalCaptionList":"b7397396-2471-4015-af78-7bd15596dfa6","lblPOSubmittedByCaptionList":"d593deee-03c9-4c3e-b885-88c4589802a7","lblPoSubmittedCaptionList":"380fb365-57c2-4b56-b0ca-1ec1360d3640","lblPOApprovedByCaptionList":"76af00d9-627c-404b-8a2a-11b93206e378","lblPOApprovedDateCaptionList":"a8646c14-41a3-4d79-a6f2-cbfb05ecb63e","lblPOPaidDateCaptionList":"a410ef0c-0f88-4e3e-9b65-e393e2f1ad6a","recPOCaptionSpacerList":"1ebf8f1c-2c7d-45ac-9bad-b24133512cc8","btnPOAddNew":"295d970c-50ee-46ae-99e7-18c7e0a0a042","glryPOList":"f0929476-b6f1-4303-9a76-2da2198f60f4","galleryTemplate3_1":"eb210bda-4ead-417c-8971-db72e4881aa7","lblPOIDList":"67beb1bc-7efe-4aa2-ac64-2ea6ac103bd9","lblPOApprovedByList":"c4548d52-a2ba-40c2-996b-b06eeb326dd2","lblPOApprovedDateList":"1c016a42-6570-4a69-ac7d-efdafbc3ea23","lblPOSubmittedDateList":"f4d61f30-ac29-47f5-be29-ad7de825337d","lblPOPaymentDateList":"54d92de7-5ce8-4d45-9708-d82789daaf8d","lblPOStatusList":"0f625edb-9525-4b56-a960-0411a8abf8a3","inpPOVendorList":"5f21ec7b-3354-459a-89fa-cc2b2ca231d8","lblPOTotalList":"297b8e29-d5f5-4600-a860-c6027c630ae5","lblPOSubmittedLisByt":"1008f8fb-53cd-4abe-bd6d-dceaba2e1c25","lblPORowNumberListhdn":"bc7863c6-253b-43fc-830f-8107dee095de","scrProductList":"64526129-aeb4-4c78-a61e-cca7f3593d4a","compAppTitleProductList":"958e23f1-d7a7-49f3-9316-f55ee9e8aff8","lblTGLProductReorderList":"671e687d-9497-43e5-8a82-61707225d572","compNWDevMenuProductList":"47e9ba79-5d2c-4854-8c8d-31fcba520bed","conProductList":"e27b5703-847c-4bc7-a13e-8d2d43e66bf6","conProductsListBonus":"a4e5425b-1b02-4b5e-abfb-70e59b13d29e","btnExportProductsToExcel":"fa49661c-951e-4b76-a8fb-ad34b36e9143","btnProductAdd":"e327c769-bf99-498b-9552-72e868b2ebaa","conProductCaptionList":"e1c43459-0217-4553-a1ea-50aa05498de7","lblProductProductIDCaptionList":"5d02e857-b86f-4bb8-b26d-6b7e73b1ca26","lblProductCodeCaptionList":"fcbc064b-5435-44e6-9d57-37decb06c7c3","lblProductProductNameCaptionList":"18ca044d-5427-4ca1-ae98-2a1da6cb2a53","lblProductNoStockCaptionList":"880cb853-01f0-414a-bdce-2034f0764905","lblProductAllocatedCaptionList":"72558417-f3a7-4563-9c9c-68f1af70caf3","lblProductAvailtoSellCaptionList":"a7390c89-a927-4310-981c-7b96507e8a74","lblProductQtyOnOrderCaptionList":"5efadac1-06cb-4456-bece-e30fb0869b04","lblProductReorderLvlCaptionList":"3366c6e6-6c3d-468c-bc78-12d5b4704027","lblProductTargetLvlCaptionList":"e5f0f023-8594-4cf8-9c0c-e341c0743b73","lblProductMinReorderQtyCaptionList":"a4aabdbc-63d0-44e7-98b4-ead2ff7571ca","lblProductDiscontinuedCaptionList":"5b98b028-e4ee-472d-90a0-563b6bb3fb1e","glryProductsList":"80161d57-4ad5-40f2-96a1-ba79163de784","galleryTemplate3_2":"7b43d737-8469-4ea3-8210-ce6c9edd2531","lblProductProductIDList":"6b497f20-d85d-45b4-ad2d-8d4457f28dd3","lblProductCodeList":"678301be-187c-4702-8420-af64ae4afe05","lblProductNameList":"88447571-0703-44fd-a17f-f66b1824638e","lblProductNoStockList":"2cb7116e-a2c5-44e7-b0ca-b2b06710a53c","lblProductAllocatedList":"04d5cd8a-cd86-41ac-90be-8539a4624cba","tblProductAvailableToSellList":"78e3a6de-c709-424d-8268-e7282ad531f4","lblProductQtyOnOrderList":"5390c306-2325-4496-9f17-51cbd3a83de3","lblProductReorderLevelList":"cb3d96ab-2daa-4d9c-a842-6de40ecba735","lblProductTargetLevelList":"5621b5f7-e8d8-4c8b-b9c1-a4ed812d8bff","lblProductReorderQtyList":"a23466ea-3da1-476b-8544-521b2c3921a9","chkProductListDiscontinued":"de495f7f-7737-4e9c-97a4-d351434c59b6","lblProductDiscontinuedList":"a443d782-b9c0-496c-b69e-5c319af19ecb","lblProductRowNumberhdnList":"98b4c97e-5515-41d9-8ac3-232bd6a91ecc","scrProductAdd":"3684c643-8f71-4b34-900a-c9eee097c46f","conProductAddMain":"fe1dc7b7-8718-43ba-8918-b66a2718e3c2","lblTGLProductReorderDetail_hdn":"68001ed3-ce20-449d-9331-8fd208732ef9","compAppTitleProductAdd":"f907087e-198f-41a0-8f1b-563424dbd68d","compNWDevMenuProductAdd":"a5c927cb-d8af-40e7-b7b4-82edb9566b8f","conProductsCRUDExtraFeatures":"e85a0f90-2f01-4922-927d-26d301839108","btnProductsCRUDGoToProduct":"ef589d49-cfb6-4a5b-88fe-2a40d512e463","btnProductsCRUDAdd":"0ee67f89-d62e-467f-8b8e-dbdeff590086","btnProductCRUDReorder":"258a0104-9118-49c6-88ed-b66c744cab1c","btnProductCRUDDelete":"5d33410e-2233-4d39-b7dd-09c98415202b","conProductCRUD":"38973a30-51ce-4d70-9bd5-24a1aeab0a54","conProductDetails":"63aafe62-a72e-4c9d-a949-80d189498747","lblProductCRUDProductID":"0592a24b-fe5f-4f0e-a43c-e15662da6341","inpProductCRUDProductID":"e78cc711-421a-4854-976f-ba7f752705eb","chkProductCRUDDiscontinued":"39f7db6f-c559-4b56-b2af-47134b87a509","lblProductCRUDProductCode":"71ea2e62-7b74-40f1-9fad-f8022375f45d","inpProductCRUDProductCode":"9e20c42d-44d3-407c-97a3-a3dfb7c78808","lblProductCRUDProductName":"b5d31d46-5ead-48fd-b48e-6e66073f4e16","inpProductCRUDProductName":"56dad026-a791-4346-8dfe-011c54485afb","lblProductCRUDProductCategory":"32a5b920-a8dd-4ffc-86c3-59e24b7d4c0c","cboProductCRUDProductCategory":"5eb283ae-3250-451c-baf5-5566d94eea81","ProductCategoryID1":"21434dc2-fb0b-43c0-9fb4-1932d2d5cca0","ProductCategoryName1":"0e95936a-35f0-47c2-ba12-6237bb996314","lblProductCRUDProductDescription":"5022de73-6aeb-4f2b-97b7-6a064a4d1cdf","inpProductCRUDProductDescriptionHTML":"e2f65503-9268-4fb3-89b2-3e5af05aa948","btnClearProductDescription":"4d4e9633-c319-4e37-8d6b-1ad9f42ac25a","lblProductCRUDQtyPerUnit":"970d8065-68b3-48da-af47-e5bfeed2e490","inpProductCRUDQtyPerUnit":"fe233730-ef76-4528-9af5-1688d40761dc","lblProductCRUDUnitPrice":"ee06fd64-b2dd-4825-92b4-3e1cbbac3812","inpProductCRUDUnitPrice":"05de4ca4-c04b-465f-984d-30db3a754ceb","lblQuantityAvailableToSell":"9785d607-57a2-474f-a677-955a436f3e94","inpQtyAvailable":"a4565d20-5f30-432e-a627-7340e47d2a0d","lblProductCRUDUnitCost":"dbb12417-6043-4c9e-b1f0-ad86f127632a","inpProductCRUDUnitCost":"2c549667-3c2c-4d9c-b213-5b24da7e0c74","lblQuantityNoStock":"c74288eb-3ed6-4c84-a352-4492334ec451","inpQtyNoStock":"fff88ef9-d8a5-45e7-a801-e49432061ec9","lblProductCRUDReorderLevel":"add5d769-447c-43d6-aa34-3490e61e9000","inpProductCRUDReorderLevel":"c3556be5-177d-48b0-a5e2-bd3e750ef161","lblQuantityAllocated":"2df86566-ff30-432c-b246-fb12e2e866ce","inpQtyAllocated":"1d20e05a-1611-43d7-9cf9-e8fa254f4de6","lblProductCRUDTargetLevel":"9ae3b232-5423-4d89-bd88-f69b20dad89f","inpProductCRUDTargetLevel":"c8f7879a-4b0e-4571-8f95-82ff631d0165","lblQuantityOnOrder":"73f54b25-1ecc-4a8d-86d3-54decb1c1cd8","inpQtyOnOrder":"a78e4732-1ec8-40d4-9e8f-2f88195ef0e0","lblProductCRUDMinReorderQty":"87c7f079-bc77-49ab-b1ca-5d30399fb497","inpProductCRUDMinReorderQty":"f6c529f4-2432-4239-995e-a6729ca1aa6c","lblQuantityToReorder":"1fbcee96-8d05-423c-85e7-2ed0640e1e1a","inpQtytoReorder":"afeebd7a-1580-4f00-9f76-b4be896edeb5","btnDeleteProduct":"db38cfaa-9d33-4f86-8469-f6159337c65c","btnSaveProduct":"595b9818-b8c6-458c-a52a-b42a2b24988d","conProductTransactions":"696bc984-c2bc-4c57-b4c1-80a560099f47","tabProductVendors":"f0c6914a-d67a-4b8b-867e-0aac86391271","tabProductCustomerOrders":"625d1ac9-723c-4cef-a47f-679028a58c5d","tabProductPOs":"c0138ea6-af01-4879-a2fa-66fccf56a617","tabProductStockTakes":"4349b2c4-d511-4ae4-b3dc-e801ddf8f7b4","conProductHeadersStockTake":"4c760a0a-8e61-41e5-8eca-e0c9828fb017","lblProductCRUDHeadersQOH":"59ac6ebd-8f59-4330-8cca-77cc83ff9b54","lblProductCRUDHeadersExpectedQty":"fb48e515-1579-42a9-af15-0a7f92e20fe4","lblProductCRUDHeadersStockTakeDate":"79fc0358-123d-412e-8bc3-54119fa60393","conProductHeadersPO":"800717d4-17b2-40a1-9ec9-ae9971fb4f10","lblProductCRUDHeadersPOID":"9faebbe4-d9b6-44ed-9365-0230d21c7201","lblProductCRUDHeadersPOVendor":"3922d1da-fa30-40de-9ef6-520b99772795","lblProductCRUDHeadersPODate":"e64baa43-c560-4288-9668-2d239d025f57","lblProductCRUDHeadersPOStatus":"92b5b652-88ef-4950-a0b5-1764a962fc51","lblProductCRUDHeadersPOQty":"3ecad9c4-65b6-4b3f-909c-7f2af0acf87f","lblProductCRUDHeadersPOUnitCost":"d8241482-0382-49ed-843e-ae17ec8a6dda","lblProductCRUDHeadersPOExtendedCost":"f8a92ef6-3fea-4fd4-9974-b3f9cbf2a88f","lblProductCRUDHeadersPOReceivedDate":"ccbe9b3f-fe7a-4cbf-828d-317b9ba636df","conProductHeadersOrders":"4cda3cf1-56b8-4999-b26f-61ed22241efc","lblProductCRUDHeadersOrderID":"157796b5-7720-424a-aec9-ad610c0e431e","lblProductCRUDHeadersOrderDate":"4850f590-e869-4703-875f-20142135e116","lblProductCRUDHeadersOrderQty":"3d63f15a-39af-4a49-82ae-1ee205e37414","lblProductCRUDHeadersOrderUnitPrice":"edf61dea-e1b7-4953-a499-9537f74066f9","lblProductCRUDHeadersOrderExtendedPrice":"d137e167-6ba2-462c-ae5c-7f0a5e998409","lblProductCRUDHeadersOrderStatus":"a215ffa3-7b29-4fbb-b8f6-b8e83232e378","lblProductCRUDHeadersOrderProductStatus":"948ea11b-709a-4272-ba3b-ef1b8d94b0d3","conProductHeadersVendors":"f10a5811-2e08-4df6-a8e3-c4792975dfb6","lblProductCRUDHeadersVendorID":"910b2dbe-05c7-4d58-9211-ed88163037de","lblProductCRUDHeadersVendorName":"6fd72a14-3ab5-41f2-b893-b1e825a77fd1","conProductCRUDStockTakes":"eddce75c-7c17-4406-acce-64301a597b0e","glryProductCRUDStockTakes":"ca72dbb0-e382-4c42-8b07-005b61ec56ed","5ea1be09-737b-40b7-9dbe-2c1904c01b7b":"a207fe6b-7d2e-4b77-bc85-e7ce200d9218","lblProductsCRUDStockTakeQOH":"1ba324c9-eca4-40a6-8049-12b6a19743ec","lblProductsCRUDStockTakeExpectedQty":"151c5125-5cc2-4859-a107-6d7ac4925585","lblProductsCRUDStockTakeDate":"43d06151-e805-4a75-b93e-95400afda385","btnDeleteStockTake":"6a9ef56a-aa5e-450b-a022-d106b5f6ec62","conAddStockTakes":"49d6bf0a-3900-4ff7-b147-93a8de305c35","inpStockTakeQOH":"fef4f662-4394-497e-a028-316535005002","inpStockTakeExpectedQty":"5caa6b62-fff5-4850-9637-63f36fab9f65","inpStockTakeDate":"caea47b4-5a07-4cb5-a37a-3619fc3e26a9","btnStockTakeAdd":"ddbe8ef1-692b-4163-9460-a6f4df5eb966","conProductPurchaseOrders":"9175b044-aca3-41cf-9f98-7b5a52e4b39e","glryProductPurchaseOrders":"5355cfc2-e2f5-4d8a-a40f-63fb72810c41","695c4e00-cf92-4197-ba4e-56dd65faaba0":"e28c1a0b-de94-4ad2-8b7d-64e82b347756","lblProductsCRUDPOID":"5ca13d59-b355-44b3-8d43-3fc94d69466c","lblProductsCRUDPOVendor":"b01b47dc-8677-41ba-bee7-93c826824ccb","lblProductsCRUDPODate":"243d3fb6-d664-4c25-ae69-f00185de348c","lblProductsCRUDPOStatus":"5491ab05-f5e4-40da-8934-651615d21653","lblProductsCRUDPOQty":"51ced745-3023-4354-a996-7b78df9c5899","lblProductsCRUDPOUnitCost":"9f97675f-971e-48f6-9155-3aca593bc800","lblProductsCRUDPOExtendedCost":"c383fefb-9aec-45c3-b2b7-08bd3be6f936","lblProductsCRUDPODateReceived":"f98ec44d-5ba3-4ace-bed4-02b3fd6547d7","conProductCustomerOrders":"53673e2a-a4d3-4a5c-882e-38fc005299f5","glryProductCustomerOrders":"acc951ae-3849-4e48-bfd8-349e3a60d198","1bdb11e9-29d7-45a2-b18e-85063724554d":"f179328f-855b-41d9-9e70-62f099ee9fd7","lblProductsCRUDOrderID":"d20b9192-febe-4105-bbb6-b51454a0c4a1","lblProductsCRUDOrderDate":"560d4953-f11a-4319-a41b-fc090aa97991","lblProductsCRUDOrderQty":"35f36be9-6e5c-4177-bb65-5c571277d2c5","lblProductsCRUDOrderUnitPrice":"2ebe84c5-af14-4951-a7dd-e4bffa2eae92","lblProductsCRUDOrderExtendedPrice":"b4f8beb6-3e36-4c12-aa39-ef9868b91448","lblProductsCRUDOrderStatus":"8598ff14-820d-46fe-993a-cf235624766a","lblProductsCRUDProductStatus":"7f17090f-3189-4e1f-95f7-2f5de557fd24","conProductVendors":"ebd88ad2-1741-477b-8a56-7bd2cd12c4a8","glryProductVendors":"4a11fad4-fa0a-4ee6-af73-95ff9fcf9f59","bdcfcd80-6f2c-4b81-a8d2-b1a1d82938d1":"0bc8e818-de1c-49a4-841a-3fe1b6d62077","lblProductsCRUDVendorID":"55ad5e10-bd9c-4ac5-b401-af8fe836176c","lblProductsCRUDVendorName":"b30cc411-f9b2-4564-bae0-079156702f59","btnDeleteProductVendor":"515f5afa-bf8f-4710-88ae-69fcb6035094","conAddProductVendor":"58f516f1-4a06-42ca-9280-dec97aaa49a4","cboProductVendorAdd":"cdad8718-88aa-4812-9d83-d55ca9ebfdda","btnVendorAdd":"2dca3438-3a56-44be-986a-7d14b68a480b","scrEmployeeList":"227f2648-49bd-4aa9-a961-e5563ed49589","compAppTitleEmployee":"14b8c97c-5162-4702-87ae-6985de45c003","lblFUEmployee_hdn":"ce52bcfe-2a74-4de6-8aec-cec6e092aa2a","compNWDevMenuEmployeeList":"8962cd30-8f5b-429c-ac88-253f5635dd83","conEmployeeAddedit":"d64f12a2-5dda-4939-84a3-fd9d146d7121","btnEmployeesAdd":"3e86269f-daf7-4996-af3c-f08c7ba30389","lblEmployeeIDAddEdit":"d70a9775-4cf3-4a57-ac65-4088c0cbc960","inpEmployeeIDAddEdit":"faca35bb-08bb-40ba-ba92-7d64d8e9df12","inpEmployeeIDDisplayAddEdit":"3ca7a220-7c1d-4c77-b37f-2e397bda6a29","UploadedEmployeePicture":"d46b7d39-7f04-4e8f-8f8a-3c93875d6680","AddEmployeeImage":"3daa5224-81d0-48b8-859f-d75264550a9f","inpEmployeeFirstAddEdit":"a55aecc3-8649-437f-a9bb-064bafc58bef","lblEmployeeFirstAddEdit":"0b5c2121-1cf4-4509-84fe-a259865ccb44","brnEmployeesSave":"32eefe8a-2f5a-490b-92d1-dcb7660cc451","imgEmployeeImage":"404c7492-ee0b-450a-a08d-a1784907a056","inpEmployeeLastAddEdit":"8c7cab0a-b4be-4487-b54a-be91501c28a6","lblEmployeeLastAddEdit":"204ecea4-c67c-40bf-92ec-2c072e4d918a","inpEmployeeEmailAddEdit":"9e63ac6d-30c4-434b-bfa0-c322f2a44c10","brnEmployeesDelete":"847a0a64-64fd-41e6-afc0-b2740edf40f2","lblEmployeeEmailAddEdit":"3715e413-fef5-451e-806f-e244ecfa879a","inpEmployeeJobTitleAddEdit":"72f32e25-00c7-4371-b1ab-28ad0853a586","lblEmployeeJobTitleAddEdit":"280ad681-d7ae-45a5-a461-71cc4a9fc5a9","btnAddImage":"66876f71-553d-4e8e-b35d-1155bf584dd9","inpEmployeePrimaryPhoneAddEdit":"d0b657ae-b11b-4fe0-be04-725f88f7fcf6","lblEmployeePrimaryPhoneAddEdit":"ddef88b8-cac4-46b2-8c3d-43892c7ada87","inpEmployeeSecondaryPhoneAddEdit":"80e458cf-816b-44eb-9dd8-bf136b6c4e92","lblEmployeeSecondaryPhoneAddEdit":"5c40f6bc-f74d-4a3c-8ee1-2516f03e9b5c","TextCanvas9":"c23706a1-8e5b-4ff9-9a61-023f33cc1e3a","cboEmployeeTitleAddEdit":"bd8ed032-c25a-42bf-97ef-5a3192d9b248","Title1":"a964ec3f-27c0-44fa-9cf9-d0db28e4a0bd","lblEmployeeTitleAddEdit":"bb7fe56c-c1b3-4d6d-b374-560bbeda8c1b","lblEmployeeSupervisorAddEdit":"4de25fc0-c8b8-4446-865a-114116b0574a","cboEmployeeSupervisorAddEdit":"b7771038-9098-438e-b5da-6fa1698f681f","cboEmployeeSupervisorNameFL":"82291d36-4fcf-447a-a74f-ff8ab4354ba9","EmployeeID1":"78624e40-13ff-4b4a-9a1c-db4b84c72772","lblEmployeeNotesAddEdit":"68fb01a1-d5bc-4938-b92d-3691d81fa6f9","inpEmployeeNotesAddEdit":"e7c6caf7-0d91-4eb7-8277-23c3a8c303fc","grpEmployeeImage":"a610c206-da79-4df4-b83b-637d813e9d2a","conEmployeeOrdersList":"00cbb95d-f396-4d94-8870-9eaaaae8cad9","EmployeeOrdersCaptionList":"2881b63a-c520-4ab1-90df-f6a6a319982c","conEmployeeOrdersHeader":"3729d060-a1d8-4e7c-b9d9-3a7f18334458","txtEmployeeNbr":"6b9f4f44-9df0-47bc-9180-3376897073c6","txtEmployeeName":"2383dccd-1c51-49e5-862b-d33822b17e00","txtCustomers":"7167260d-4bf5-4f25-87b8-49725c0ead73","txtOrderDate":"5db4466e-fbe8-4789-999d-465760d84fac","txtOrderTotal":"953e4194-cf92-43ae-8317-2cfbc9acb557","txtOrderStatus":"d66fc6fa-1fb8-4fe2-b5e0-7d9142f04810","glryEmployeesOrders":"9960bcda-c552-4181-add7-2336622f1464","galleryTemplate8":"9eb63b64-38b7-4ea2-bc5b-a36dfb4d55eb","EmployeeOrdersOrderID":"3b4936c6-9f2a-4966-bf73-72f16bc0a2e9","EmployeeOrdersEmployeeName":"bd51fd55-4e45-433a-b248-aa6c476a872c","EmployeeOrdersOrderDate":"f17c1a53-e6b3-4efd-b05f-27f4db068b26","EmployeeOrdersOrderTotal":"85a9c457-b6dd-4f06-a215-cd5f3ad45647","lblEmployeeOrdersCustomerStatus":"e3acfe19-4360-4812-b338-c8e85cd64298","EmployeeOrdersCustomer":"31c23d1c-daa2-4fcd-87d6-da846e4963ed","conEmployeeCaptionList":"dea8fa39-3833-47d7-9d4a-077901fcf22a","lblEmoloyeeIDCaptionList":"1019e149-1d17-4bb1-b836-a68c15c8ef21","lblEmployeeLastCaptionList":"8becfad3-e8ae-4c44-a1bf-338963e790b9","lblPEmployeeFirstrCaptionList":"0977dbc6-e9b8-4890-9b00-7f14d1761e7d","lblEmployeeEmailCaptionList":"00626493-eef8-4a55-b51c-e79f342b44a1","lblEmployeeJobTitleCaptionList":"b61e51b8-c09c-45f5-a514-5a7c99e185c6","lblEmployeePrimaryPhoneCaptionList":"44156317-c354-4ec9-aba1-c3ccf0dea233","lblEmployeeSecondaryPhoneCaptionList":"736db622-97b0-426d-b997-6d78b272cc29","lblEmployeeTitleCaptionList":"25e770b4-1d44-4c52-8d1a-5ed79d717a25","lblEmployeeSuperVisorCaptionList":"a8df6d72-0e82-447f-8932-417ec3e28b60","lblEmployeesNotesCaptionList":"4eddf268-87d3-43df-bf0a-c2cb91d7f547","glryEmployeeList":"90a06083-5fd1-4682-a978-a81290b14622","galleryTemplate4":"d362f3d8-c8c6-4f28-bcfb-afff1968d95d","lblEmployeeEmployeeIDList":"71ef0ac1-811d-4160-bf15-4a273a56b72a","lblEmployeeLastNameList":"9ed3a6d8-07a6-41aa-b6d0-90112b87ac15","lblEmployeeFirstNameList":"5329e583-1b20-43f0-8723-5189430a5c4c","lblEmployeeEmailList":"d6d9cf51-c449-40c9-8526-8da94e866c80","lblEmployeeJobTitleList":"39c3e114-dfb9-4ef5-9470-63bf68cc556b","lblEmployeePrimaryPhoneList":"0430cf0b-f03e-40fc-b2a2-18fb35599c72","lblEmployeeSecondPhoneList":"1bff0f74-44cb-4d0f-9760-1838b888204e","lblEmployeeTitleList":"47213e7a-00bb-4b23-92c3-1a86aac971a2","lblEmployeeSupervisorList":"76feaf1f-18d3-4297-905d-04cdc296c832","lblEmployeeNotesList":"ab6dfe12-2938-4664-bca5-b750690380ae","lblEmployeeSupervisorIDhdnList":"f4bd9330-1df2-4ed9-b15e-658a637ad051","scrCompanyList":"0953f784-a221-46e5-bff3-cc833cba2251","compAppTitleCompany":"939c96fb-0690-458c-9fd8-afbf6d07c395","compNWDevMenuCompanyList":"a26f5748-d21c-46ae-b7ff-155219209d74","conCompanyBonusFeatures":"1dc430b3-72b2-497f-814c-57d388155a2f","btnShowHideFields":"035acf52-1c8a-408d-a8e9-8d575cf6d045","btnCompanyAddNew":"cf32b75e-c651-4491-8937-6a7f38da4368","btnCreateLabels":"3f215924-c9f9-4a7f-8dec-0b92b0c655bb","btnShowFilter":"f8cd9573-e9bc-4128-9d96-800eec4f1b8f","filterCompanyType":"e2cb7b39-7aa5-4bc5-9325-7d688108abfa","conCompanyHorzontalList":"a4e529ab-5305-465b-a9a1-2eaa41eed1d9","conCompanyList":"eb42e90d-aaff-4020-8e93-142784f8fda1","conCompanyCaptionsList":"cc9ea333-50fe-4a55-98c8-9755e01764f6","lblCompanyCompanyIDCaptionList":"87711544-5e53-4659-a856-29007587c2c5","lblCompanyNameCaptionList":"4db71d21-e1d7-4587-9568-cf35afebd6ec","lblCompanyTaxStatusCaptionList":"c290a51e-0d7b-49c1-b6a4-24f9cc0c930a","lblCompanyTypeCaptionList":"f3340c15-def2-45ea-acb1-9ca18ae4adf3","lblCompanyNotesCaptionList":"6bdd3506-53c5-45bf-811f-00470e571c2d","lblCompanyBusinessPhoneCaptionList":"792df960-74bd-4d8d-873d-2ce5c1df86a3","lblCompanyWebsiteCaptionList":"f159c117-dd6e-4d64-9205-678b3a074ac1","lblCompanyBusAddressCaptionList":"ebd7ea17-e7f0-4080-876a-b5f983831be8","lblCompanyCityCaptionList":"df649750-f97f-4d49-8674-c54a35abb42e","lblCompanyStateCaptionList":"4a3185e8-edf6-49b9-b928-3aaab4fbaeb8","lblCompanyZIPCaptionList":"0fe614ca-04dc-4831-b540-a04663ee8434","glryCompanyList":"f14fa9f2-f352-47e8-b6c4-fe7183851160","galleryTemplate9":"840189b4-3c29-4f41-9510-540046f781de","lblCompanyNameList":"6d773c44-3dba-4219-9a52-fb4e3e97fdfa","lblCompanyCompanyIDList":"8a9a3b0c-7ecc-4c1d-80d8-dea3ffedc653","lblCompanyTaxStaus":"7828228b-1539-45ed-a797-d710226d24ec","lblCompanyTypeList":"4750067f-12a0-4726-b933-10048e5b6b94","lblCompanyNotesList":"0046fa88-dbb5-443d-a428-f300d84cfca2","lblCompanyPhoneList":"5167919b-5d39-4db6-9390-bfb8b95f595c","lblCompanyWebsiteList":"5f434a80-022a-4076-953f-05756192e4df","lblCompanyAddressList":"0eff289f-7eb0-4cf4-ae23-f5bb6b10ea48","lblCompanyCityList":"9f2694f7-cf4e-447b-8f19-e68d959ce950","lblCompanyStateList":"69fad183-4be2-42d1-b289-652993f6ed53","lblCompanyZIPList":"9ac7e688-8181-4b84-89c4-ac1ca663b4e7","conCompaniesFieldNamesShowHide":"56a95fb7-e393-4807-998f-042300c22307","glryCompanyFieldNamesPopup":"11572f73-3799-4c9b-b041-b86add455df6","galleryTemplate11":"e96a8f0b-0533-4777-a145-d8a5c333a7ce","lblCompaniesFieldName":"57874e8a-0ad7-4589-8cdc-dc31d52cdb51","tglCompaniesFieldsVisible":"f82c6adc-070d-47b7-935d-71f8da301ae9","optCompanyFieldsShowHideAll":"5f619da4-24bc-461b-99d6-704a0f75d5d3","btnCompanyFieldsShowHideDone":"d0c7005b-5291-45a0-8b30-ce532d338d9d","scrStockTake":"d062649f-ded0-4e17-aba2-bbc2a7b7839a","compAppTitleStockTake":"eda4a206-6a3f-432b-b0ac-4cebf929684b","compNWDevMenuStockTake":"4a754151-8bd6-4359-b9e7-c7e52c7db72c","btnStockAddNew":"b94bb762-e531-4d14-a07c-76372e25de19","scrSysAdmin":"56f136ec-bdfb-4e5a-928a-313378e07c64","compAppTitleSysAdmin":"1a429f59-c205-4712-a67a-79462196c830","compNWDevMenuSysAdmin":"5b00620a-1c36-4d32-81ae-021c0dc2c08e","conSysAdmin":"6491114f-ee10-4aa4-aeb3-f94d9be73985","HeaderContainer1":"204e7fea-b4b4-42c3-bfae-169b0f8b9c82","MainContainer1":"82d3b5a4-8b35-4585-925d-419783d5cba7","FooterContainer2":"102b29c1-5e82-4f79-9a11-6556c3706624","scrCompanyAdd":"b1a95aa8-92cf-4f30-8a9a-337000136d11","compAppTitleCompanyAdd":"d96849aa-e610-401c-956c-c8def74b5abf","lblFUCompanyAddEdit_hdn":"ebf50a74-9813-4527-9f00-fc72a9b5928e","compNWDevMenuCompanyAdd":"38f0c219-e21d-4bbc-b467-620769f04385","conCompanyAddEditManage":"a9d37cbb-8635-4ddf-988c-3d9de044f15b","btnCompaniesCancelAddEdit":"016ad3a7-a54e-4551-a25a-be93aeafd5f6","btnCompanyAddNewAddEdit":"4d24ebb1-8f7c-4d73-8801-7d708191eaf4","btnCompaniesEmailListAddEdit":"ff243849-538c-490c-849f-f5a4086cf9a4","btnShowFilterCompanies":"50153d1a-35d2-4e66-9455-7bbf6e2cde0a","conCompanyAddEdit":"847bb7cf-61bf-4107-be91-9e48acd5bb19","lblCompanyCompanyIDAddEdit":"35c00381-6f58-40bf-a660-ca1e595d0e83","inpCompanyCompanyIDAddEdit":"d0305e06-32db-4c41-a0f3-ade6ce452dde","lblCompanyTypeAddEdit":"3de67354-8ba2-443f-ad94-65887454bb12","cboCompanyCompanyTypeAddEdit":"647dafb4-278f-4082-a309-6a7a9ed2786c","CompanyTypeID1":"8a8db7da-ed3c-465a-b569-33c35aa98726","CompanyType1":"f50abea0-87c7-4957-a202-6a06351e82d8","lblCompanyCompanyAddEdit":"54106160-15d5-4391-b59e-243544bcb38a","inpCompanyNameAddEdit":"bd4ef5dc-3d08-4b1d-9132-ad255a6487d0","lblCompanyAddressAddEdit":"f90c45cc-1264-44ea-a5c5-15b0ffb24181","inpCompanyAddressAddEdit":"9867705d-7772-4a7d-b64f-5c78e5bb07c9","btnCompanyMap":"012909ca-e699-4f41-bcbc-7d41809776df","lblCompanyCityAddEdit":"4a4d25e5-9da4-466a-9fe4-df06451dd0d7","inpCompanyCityAddEdit":"bec4d6eb-515e-44a9-8cb1-d230024e1d2c","lblCompanySTAddEdit":"18f57711-a067-4440-848d-989329124bad","cboCompaniesStateAddEdit":"64691225-21b6-4ba1-bcc2-32648897d413","StateName1":"99a5860c-8a02-45f7-8e4d-975a7d8ff9b2","StateAbbrev1":"eb84d680-8e29-4267-9797-8679eefe5501","lblCompanyZIPAddEdit":"74ca364c-96ba-45d2-a063-a736fe9d7598","inpCompanyZIPAddEdit":"d641c99f-78db-4d17-a243-9481b44109b8","lblCompanyPhoneAddEdit":"0c77fddc-2e73-4daa-aacc-2a3a51944fd1","inpCompanyPhoneAddEdit":"b757abcd-8a85-47c6-ab94-96825eb856a9","btnCompanyAddEditSave":"c888da11-735e-4d96-9db2-eb55d901fa40","lblCompanyTaxStatusAddEdit":"7dbb2999-e3ab-4113-a24d-b93b7c79153f","cboCompanyTaxStatusAddEdit":"5447bd91-4727-4411-8bbd-24183494458b","EditCompanyTaxStatus":"f006eeee-d8cd-4c2d-b104-91690d4cf223","EditCompanyTaxStatusID":"ec0d101c-0b02-4537-8c14-ec24fe8cca1c","lblCompanyWebsiteAddEdit":"50a48f57-815c-4de7-9c34-d7662be1ded7","inpCompanyWebsiteAddEdit":"80e1b3a4-19ce-48e0-a5af-80ccabc71e4f","btnCompanyAddEditDelete":"73549d84-bca9-4c8b-8f37-0ee590a35dc6","Label1":"89da485a-76fb-43cc-b213-081ed9476d0e","lblCompanyHTMLNotesAddEdit":"549aa823-68e4-4eb8-bc3f-19c5880c84fb","inpCompanyHTMLNotesAddEdit":"d7ac1c0a-4172-4a56-b06a-9d5259e26a3c","lblCOmpanyOrdersAddEdit":"bdab5252-493d-420f-b744-1384a385b2b9","conCompanyOrdersList":"6f656031-89fa-4584-82bd-5eea7dbf85fa","conCompanyOrdersListCaptions":"16caed53-a1e1-49b2-84ee-accd86ed8d57","lblCompanyOrdersOrderNoCaption":"7e861370-240e-4d8d-9cc8-4f8cd2ea64b3","lblCompanyOrdersEmployeeCaption":"ed374f4d-bf8f-4fb6-86ee-7b383c055930","lblCompanyOrdersOrderDateCaption":"a928e72f-e31e-4910-ae2a-f57f6d1b3e61","lblCompanyOrdersOrderTotalCaption":"d518cee0-c6d4-484a-84da-2bdc520e12ea","lblCompanyOrdersOrderStatusCaption":"f616ca50-9179-44d4-a04f-9930d537b5d5","lblCompanyOrdersOrderShipperCaption":"f2bf8ead-632d-4480-bac3-81ae8d5a5b94","glryCompanyOrdersList":"7813e640-f70b-49af-89ad-0bf690a4b8bf","galleryTemplate13":"0261e371-5671-41f9-ad06-33e55c9324a4","lblCompanyOrdersOrderTotal":"f20a09ae-8c08-42d4-9458-138ba95ba38a","lblCompanyOrdersOrderStatus":"7b28885a-20bd-43a9-82c5-fd1111c4c38b","lblCompanyOrdersOrderShipper":"f36e226b-7407-42ac-b088-962557e42b1a","lblCompanyOrdersOrderNo":"8c05a69b-4fa7-4aa6-9537-cf9af7e96707","lblCompanyOrdersEmployee":"0b82987b-7415-447c-9175-455e2a03b959","lblCompanyOrdersOrderDate":"f19c389d-5188-46da-87a6-5e8ed8055630","lblCompanyOrdersCount":"9f6dfda8-ffaf-42a1-a68b-4507f907f841","conCompanyContactsAddEdit":"b5639119-201c-452b-9ed3-c8273c4b7648","lblCustomerContactContactIDCaptionAddEdit":"219b722d-2e24-4c98-aae0-53ce0d7cecb2","lblCustomerContactCustomerCaptionAddEdit":"75bea91c-1859-43dc-9902-0ced388f75f7","lblCustomerContactLastNameCaptionAddEdit":"4b7e8a63-2c78-4550-8f13-7dad14059d35","lblCustomerContactFirstNameCaptionAddEdit":"8cc11029-f20a-4792-b69d-cfcba0ef9193","lblCustomerContactJobTitleCaptionAddEdit":"78e358ca-09cd-4b89-8800-fe5cdb186e36","lblCustomerContactEmailCaptionAddEdit":"a970f9b8-61d4-4d96-ab7d-c3f1183debbf","lblCustomerContactPrimaryPhoneCaptionAddEdit":"a5ade9d0-3df8-4ba9-b6f9-2e25ca91800c","lblCustomerContactSecondaryPhoneCaptionAddEdit":"e2ae5417-d918-423b-bab5-5c0224323dcb","lblCustomerContactNotesCaptionAddEdit":"f1dc7e92-dba5-4ab7-bf41-be8cdad5a949","glryCompanyContactsAddEdit":"783ee9e1-1700-46a9-af35-2cbbb9bc64db","galleryTemplate14":"50e55dba-2abd-4e3c-b67c-2eb2c383a8f8","recCompanyContactsSelected":"d3b0df3d-508a-4f90-9c42-e0e896f32dcc","lblCompanyContactsContactIDAddEdit":"b05c43ce-5fd7-44e1-8869-cae49fbb8485","lblCompanyContactsCustomerAddEdit":"729c2225-6369-436f-bced-64f4c35a7901","lblCompanyContactsLastNameAddEdit":"6d8fa85b-d3b8-452b-b6c8-7d7f8f3f6311","lblCompanyContactsFirstNameAddEdit":"423289d4-e0bd-4d86-9499-9e467b2cf556","lblCompanyContactsJobTitleAddEdit":"71b42226-a058-441c-9da0-d6f2b2964110","lblCompanyContactsEmailAddEdit":"db21b3b4-5d44-4875-94c9-fc04caeceaea","lblCompanyContactsPrimaryPhoneAddEdit":"fef60d56-40e2-420a-8696-ba4716a9a08b","lblCompanyContactSecondaryPhoneAddEdit":"41ddbd2a-f000-4334-98e2-2206a0edcc41","lblCompanyContactsNotesAddEdit":"37c2c356-58c8-48a2-8b07-e5c5172e89b5","Separator1":"cee6eff3-3d9b-4720-b864-6d8c7f0fc0a8","TextInputCanvas1":"c95ad121-99bb-4874-8841-a9feae36ec0b","scrCompanyMailingLabels":"2b98f2ac-f2bf-48d9-8eb3-3eadf1b6e070","compAppTitleCompanyMailingLabels":"1950e55d-5333-4f53-93b1-009a14489618","btnPrintCompanyMailingLabels":"18247ccf-9f4f-4d0c-9c21-eddbc38a9628","glryCompanyMailingLabels":"5179f7ce-204e-474d-bd96-96888d974ebe","galleryTemplate10":"aefc627c-bae7-47a5-b884-6f224f90db2d","lblCompanyNameMailing":"05dabcaf-d0da-4e27-9742-e7eabf16cd28","lblCompanyAddressMailing":"5d6bc4e2-f7f6-416f-821a-e8dfe59ecbcf","lblCompanyCitySTZIPMailing":"5e4fbf46-8933-4d2c-bbdf-1e76f0c9ee8f","lblPlaceholderText":"6abb79df-c920-4141-83b6-f20dba20dba1","scrStart":"874eb795-30ca-4041-91a0-0d46928112c4","btnStart":"dc2b3302-67df-467c-b10f-1b5665608937"}